scenario,trades,trade_share,avg_net_return,median_net_return,win_rate,profit_factor,total_net_pnl,pnl_share,max_drawdown
trade_all,1403,1.0,0.018462577192643506,0.0160748963911525,0.7341411261582323,5.643329550969622,1941315.6044999997,1.0,-49615.43850000005
remove_top_1_symbol_by_pnl,1358,0.9679258731290092,0.01816295670142997,0.0157049365351629,0.7290132547864506,5.402181534981886,1836346.6239999996,0.9459289461967543,-49615.43850000005
remove_top_5_symbols_by_pnl,1202,0.8567355666429081,0.016568157944520216,0.0146065649350649,0.7063227953410982,4.782462155456584,1502954.1836999995,0.7741936345724149,-49615.43849999999
remove_top_10_symbols_by_pnl,1101,0.7847469707769066,0.01439258243817857,0.0130385192837465,0.6866485013623979,4.022243524150677,1174210.1378999995,0.604852778795041,-49615.43849999999
remove_top_20_symbols_by_pnl,874,0.6229508196721312,0.011611788237732663,0.0078691803468208,0.6327231121281465,3.0781959092435933,747391.6503999999,0.3849923467711971,-49615.43849999999
remove_top_1_symbol_by_trade_count,1343,0.9572344975053457,0.018244103187067973,0.0157049365351629,0.7297096053611318,5.500749591201767,1853318.2759999996,0.9546712918311577,-49615.43850000005
remove_top_5_symbols_by_trade_count,1191,0.8488952245188881,0.017697946298228077,0.0153409004665629,0.7162048698572628,5.061918579852057,1585130.2340499996,0.8165237174087733,-49615.43849999999
remove_top_10_symbols_by_trade_count,1053,0.7505345687811832,0.016542446841188777,0.0144587855887521,0.6932573599240266,4.470825878178795,1324545.1886499994,0.6822925574696269,-66033.61500000005
