scenario,trades,trade_share,avg_net_return,median_net_return,win_rate,profit_factor,net_pnl,pnl_share,max_drawdown
trade_all,1403,1.0,0.018462577192643506,0.0160748963911525,0.7341411261582323,5.643329550969622,1941315.6044999997,1.0,-49615.43850000005
remove_top_1_sector_by_pnl,209,0.14896650035637918,0.013330966851162274,0.0079930240770465,0.7129186602870813,3.301613432734663,181970.8761,0.09373585401476642,-33627.597499999974
remove_top_3_sectors_by_pnl,35,0.024946543121881683,-0.004719077058534772,-0.004798,0.42857142857142855,0.45878785079770834,-11964.754500000003,-0.006163219660041632,-22107.328
remove_top_1_industry_by_pnl,1096,0.7811831789023521,0.016912134379012136,0.0153409004665629,0.7135036496350365,4.596604823639783,1373502.0344999996,0.707510943257346,-49615.43850000005
remove_top_3_industries_by_pnl,758,0.5402708481824662,0.015096290611805398,0.0097259513973268,0.679419525065963,3.9223745987564924,834452.0505999997,0.42983842949890627,-39059.205000000075
sectors_with_at_least_30_oos_trades,1383,0.9857448325017819,0.018692059434109874,0.0168900466562986,0.737527114967462,5.815118977561938,1942150.5126999998,1.0004300733987121,-49615.43850000005
sectors_with_positive_median_net_return,1368,0.9750534568781183,0.019055675071876874,0.0171833228803716,0.7419590643274854,5.93277969026482,1953280.3589999997,1.0061632196600416,-49615.43850000005
sectors_with_profit_factor_gt_1_5,1348,0.9607982893799002,0.019299915351945602,0.0174080732484076,0.7455489614243324,6.125724180890092,1954115.2671999997,1.0065932930587536,-49615.43850000005
