scenario,trades,trade_share,avg_net_return,median_net_return,win_rate,profit_factor,total_net_pnl,pnl_share,max_drawdown
no_cooldown,1403,1.0,0.018462577192643506,0.0160748963911525,0.7341411261582323,5.643329550969622,1941315.6044999997,1.0,-49615.43850000005
cooldown_5_trading_days,229,0.1632216678545973,0.01759970852839241,0.0153409004665629,0.7292576419213974,6.319823505395933,304823.02905,0.15701879093920407,-6101.931600000025
cooldown_10_trading_days,214,0.1525302922309337,0.017746047146704674,0.01475916298503625,0.7242990654205608,6.505818201651001,287433.8252999999,0.14806135830450434,-5340.354999999996
cooldown_20_trading_days,203,0.14468995010691377,0.017590413552725503,0.0153409004665629,0.7192118226600985,6.368732509769696,272802.80249999993,0.14052470493084113,-5840.118300000002
cooldown_60_trading_days,153,0.1090520313613685,0.017171573035281194,0.0132718594104308,0.6993464052287581,5.919410598422424,200373.46744999994,0.10321529739189812,-5840.118300000002
max_1_trade_per_symbol_per_month,223,0.15894511760513186,0.01772630606825353,0.0149547110481586,0.7219730941704036,5.621106127793151,293685.23445,0.15128155039254465,-9923.087700000004
max_2_trades_per_symbol_per_quarter,376,0.26799714896650034,0.017433892209916545,0.0145917635888139,0.723404255319149,5.367747030647413,484383.0696999999,0.2495127884292448,-19846.175400000007
