sector,industries,trades,net_pnl,top_1_industry_trade_share,top_3_industry_trade_share,top_5_industry_trade_share,top_1_industry_pnl_share,top_3_industry_pnl_share,top_5_industry_pnl_share,hhi_by_trades,hhi_by_pnl
Technology/Electronics,9,1194,1759344.7283999994,0.25711892797319935,0.6113902847571189,0.8157453936348408,0.32274150758185205,0.6291339815515373,0.8092590714980655,0.16340777028638448,0.18104986981804352
