scenario,trades,trade_share,avg_net_return,median_net_return,win_rate,profit_factor,total_net_pnl,net_pnl_share,max_drawdown
trade_all_regimes,1403,1.0,0.018462577192643506,0.0160748963911525,0.7341411261582323,5.643329550969622,1941315.6044999997,1.0,-49615.43850000005
trade_only_bull_regime,913,0.6507483962936564,0.016812116835291928,0.0156914193037974,0.7141292442497261,5.856962208946827,1161910.4222999997,0.5985170157838702,-36629.01800000004
trade_only_not_bear_regime,1181,0.8417676407697791,0.018139992250353135,0.0160748963911525,0.7256562235393734,6.172385113924143,1612516.9289499996,0.8306310036411186,-36629.01800000004
trade_only_taiex_day0_return_ge_0,774,0.5516749821810406,0.017210213978851297,0.015895632397822303,0.7260981912144703,4.804241481297083,963696.5490999997,0.4964141569078908,-49615.43849999999
avoid_correction_regime,1010,0.7198859586600143,0.016168125541106887,0.01543574615164875,0.7188118811881188,5.689404399403152,1230677.5225499999,0.6339399527296181,-36629.01800000004
avoid_weak_market_day,1028,0.7327156094084105,0.01844930364514964,0.0160748963911525,0.7422178988326849,5.656084233020186,1407003.7000499996,0.7247681401151587,-49615.43849999999
bull_regime_and_avoid_weak_market_day,738,0.5260156806842481,0.01748578916844647,0.0158679958506224,0.7289972899728997,6.347673469018457,973583.4898499998,0.5015070643810919,-36629.01800000004
