scenario,kept_trades,removed_trades,kept_trade_share,kept_pnl_share,trades,average_net_return,median_net_return,win_rate,profit_factor,total_net_pnl,max_drawdown
baseline_best_strategy,1403,0,1.0,1.0,1403,0.018462577192643506,0.0160748963911525,0.7341411261582323,5.643329550969622,1941315.6044999997,-49615.43850000005
remove_likely_hard_fill,1403,0,1.0,1.0,1403,0.018462577192643506,0.0160748963911525,0.7341411261582323,5.643329550969622,1941315.6044999997,-49615.43850000005
remove_hard_and_possible_fill,1403,0,1.0,1.0,1403,0.018462577192643506,0.0160748963911525,0.7341411261582323,5.643329550969622,1941315.6044999997,-49615.43850000005
keep_only_likely_and_very_fillable,1403,0,1.0,1.0,1403,0.018462577192643506,0.0160748963911525,0.7341411261582323,5.643329550969622,1941315.6044999997,-49615.43850000005
